{
  "Cost Matrix": {
    "City C": {
      "Warehouse z": 105.34229919647663,
      "Warehouse Y": 72.12489168102785,
      "Warehouse X": 36.22154055254967
    },
    "City A": {
      "Warehouse z": 110.14535850411491,
      "Warehouse Y": 76.66159403508382,
      "Warehouse X": 37.57658845611187
    },
    "City B": {
      "Warehouse z": 95.29428104561154,
      "Warehouse Y": 61.773780845922005,
      "Warehouse X": 27.85677655436824
    }
  }
}