{
  "Cost Matrix": {
    "City C": {
      "Warehouse z": 1.4142135623730951,
      "Warehouse Y": 9.055385138137417,
      "Warehouse X": 39.395431207184416
    },
    "City A": {
      "Warehouse z": 36.05551275463989,
      "Warehouse Y": 9.219544457292887,
      "Warehouse X": 3.605551275463989
    },
    "City B": {
      "Warehouse z": 32.31098884280702,
      "Warehouse Y": 7.810249675906654,
      "Warehouse X": 5.0
    }
  }
}